"Name","Kanton","Partei","Geschlecht","Status","Kantons-Nr."
"Balmer Bettina","ZH","FDP","F","-","1"
"Portmann Hans-Peter","ZH","FDP","M","bisherig","1"
"Sauter Regine","ZH","FDP","F","bisherig","1"
"Silberschmidt Andri","ZH","FDP","M","bisherig","1"
"Walti Beat","ZH","FDP","M","bisherig","1"
"Barandun Nicole","ZH","Mitte","F","-","1"
"Bürgin Yvonne","ZH","Mitte","F","-","1"
"Kutter Philipp","ZH","Mitte","M","bisherig","1"
"Alijaj Islam","ZH","SP","M","-","1"
"Rosenwasser Anna","ZH","SP","F","-","1"
"Badran Jacqueline","ZH","SP","F","bisherig","1"
"Marti Min Li","ZH","SP","F","bisherig","1"
"Meyer Mattea","ZH","SP","F","bisherig","1"
"Molina Fabian","ZH","SP","M","bisherig","1"
"Seiler Graf Priska","ZH","SP","F","bisherig","1"
"Widmer Céline","ZH","SP","F","bisherig","1"
"Fehr Düsel Nina","ZH","SVP","F","-","1"
"Hübscher Martin","ZH","SVP","M","-","1"
"Fischer 'Benjamin 'Beni''","ZH","SVP","M","bisherig","1"
"Haab Martin","ZH","SVP","M","bisherig","1"
"Heer 'Alfred 'Fredi''","ZH","SVP","M","bisherig","1"
"Matter 'Thomas 'Tommy''","ZH","SVP","M","bisherig","1"
"Rutz Gregor","ZH","SVP","M","bisherig","1"
"Steinemann Barbara","ZH","SVP","F","bisherig","1"
"Tuena Mauro","ZH","SVP","M","bisherig","1"
"Walliser Bruno","ZH","SVP","M","bisherig","1"
"Gugger Nik","ZH","EVP","M","bisherig","1"
"Bäumle Martin","ZH","GLP","M","bisherig","1"
"Gredig Corina","ZH","GLP","F","bisherig","1"
"Moser Tiana Angelina","ZH","GLP","F","bisherig","1"
"Schaffner Barbara","ZH","GLP","F","bisherig","1"
"Girod Bastien","ZH","GRÜNE","M","bisherig","1"
"Glättli Balthasar","ZH","GRÜNE","M","bisherig","1"
"Prelicz-Huber Katharina","ZH","GRÜNE","F","bisherig","1"
"Schlatter Marionna","ZH","GRÜNE","F","bisherig","1"
"Vontobel Erich","ZH","EDU","M","-","1"
"Wasserfallen Christian","BE","FDP","M","bisherig","2"
"Nause Reto","BE","Mitte","M","-","2"
"Hess Lorenz","BE","Mitte","M","bisherig","2"
"Zybach Ursula","BE","SP","F","-","2"
"Aebischer Matthias","BE","SP","M","bisherig","2"
"Funiciello Tamara","BE","SP","F","bisherig","2"
"Masshardt Nadine","BE","SP","F","bisherig","2"
"Wasserfallen Flavia","BE","SP","F","bisherig","2"
"Knutti Thomas","BE","SVP","M","-","2"
"Riem Katja","BE","SVP","F","-","2"
"Salzmann Werner","BE","SVP","M","-","2"
"Wandfluh Ernst","BE","SVP","M","-","2"
"Bühler Manfred","BE","SVP","M","bisherig","2"
"Guggisberg Lars","BE","SVP","M","bisherig","2"
"Hess Erich","BE","SVP","M","bisherig","2"
"Umbricht Pieren Nadja","BE","SVP","F","bisherig","2"
"Jost Marc","BE","EVP","M","bisherig","2"
"Bertschy Kathrin","BE","GLP","F","bisherig","2"
"Grossen Jürg","BE","GLP","M","bisherig","2"
"Mettler Melanie","BE","GLP","F","bisherig","2"
"Badertscher Christine","BE","GRÜNE","F","bisherig","2"
"Baumann Kilian","BE","GRÜNE","M","bisherig","2"
"Trede Aline","BE","GRÜNE","F","bisherig","2"
"Gafner Andreas","BE","EDU","M","bisherig","2"
"Schilliger Peter","LU","FDP","M","bisherig","3"
"Kaufmann Pius","LU","Mitte","M","-","3"
"Müller Leo","LU","Mitte","M","bisherig","3"
"Wismer-Felder Priska","LU","Mitte","F","bisherig","3"
"Candan Hasan","LU","SP","M","-","3"
"Roth David","LU","SP","M","-","3"
"Thalmann-Bieri Vroni","LU","SVP","F","-","3"
"Grüter Franz","LU","SVP","M","bisherig","3"
"Töngi Michael","LU","GRÜNE","M","bisherig","3"
"Stadler Simon","UR","Mitte","M","bisherig","4"
"Gössi Petra","SZ","FDP","F","bisherig","5"
"Blunschy Dominik","SZ","Mitte","M","-","5"
"Bürgi Roman","SZ","SVP","M","-","5"
"Dettling Marcel","SZ","SVP","M","bisherig","5"
"Rüegger Monika","OW","SVP","F","bisherig","6"
"Durrer-Knobel Regina","NW","Mitte","F","-","7"
"Schnyder Markus","GL","SVP","M","-","8"
"Pfister Gerhard","ZG","Mitte","M","bisherig","9"
"Aeschi Thomas","ZG","SVP","M","bisherig","9"
"Weichelt Manuela","ZG","GRÜNE","F","bisherig","9"
"Gobet Nadine","FR","FDP","F","-","10"
"Bulliard-Marbach Christine","FR","Mitte","F","bisherig","10"
"Roth Pasquier Marie-France","FR","Mitte","F","bisherig","10"
"Piller Carrard Valérie","FR","SP","F","bisherig","10"
"Kolly Nicolas","FR","SVP","M","-","10"
"Page Pierre-André","FR","SVP","M","bisherig","10"
"Andrey Gerhard","FR","GRÜNE","M","bisherig","10"
"Michel Simon","SO","FDP","M","-","11"
"Müller-Altermatt Stefan","SO","Mitte","M","bisherig","11"
"Roth Franziska","SO","SP","F","bisherig","11"
"Wyssmann Rémy","SO","SVP","M","-","11"
"Imark Christian","SO","SVP","M","bisherig","11"
"Wettstein Felix","SO","GRÜNE","M","bisherig","11"
"Wyss Sarah","BS","SP","F","bisherig","12"
"von Falkenstein Patricia","BS","LPS","F","bisherig","12"
"Christ Katja","BS","GLP","F","bisherig","12"
"Arslan Sibel","BS","GRÜNE","F","bisherig","12"
"Schneeberger Daniela","BL","FDP","F","bisherig","13"
"Schneider-Schneiter Elisabeth","BL","Mitte","F","bisherig","13"
"Marti Samira","BL","SP","F","bisherig","13"
"Nussbaumer Eric","BL","SP","M","bisherig","13"
"de Courten Thomas","BL","SVP","M","bisherig","13"
"Sollberger Sandra","BL","SVP","F","bisherig","13"
"Brenzikofer Florence","BL","GRÜNE","F","bisherig","13"
"Munz Martina","SH","SP","F","bisherig","14"
"Hurter Thomas","SH","SVP","M","bisherig","14"
"Zuberbühler David","AR","SVP","M","bisherig","15"
"Rechsteiner Thomas","AI","Mitte","M","bisherig","16"
"Dobler Marcel","SG","FDP","M","bisherig","17"
"Vincenz-Stauffacher Susanne","SG","FDP","F","bisherig","17"
"Paganini Nicolò","SG","Mitte","M","bisherig","17"
"Ritter Markus","SG","Mitte","M","bisherig","17"
"Friedl Claudia","SG","SP","F","bisherig","17"
"Gysi Barbara","SG","SP","F","bisherig","17"
"Gartmann Walter","SG","SVP","M","-","17"
"Büchel Roland Rino","SG","SVP","M","bisherig","17"
"Egger Mike","SG","SVP","M","bisherig","17"
"Götte Michael","SG","SVP","M","bisherig","17"
"Reimann Lukas","SG","SVP","M","bisherig","17"
"Ryser Franziska","SG","GRÜNE","F","bisherig","17"
"Giacometti Anna","GR","FDP","F","bisherig","18"
"Candinas Martin","GR","Mitte","M","bisherig","18"
"Pult Jon","GR","SP","M","bisherig","18"
"Hug Roman","GR","SVP","M","-","18"
"Martullo-Blocher Magdalena","GR","SVP","F","bisherig","18"
"Jauslin Matthias Samuel","AG","FDP","M","bisherig","19"
"Riniker Maja","AG","FDP","F","bisherig","19"
"Binder-Keller Marianne","AG","Mitte","F","bisherig","19"
"Meier Andreas","AG","Mitte","M","bisherig","19"
"Brizzi Simona","AG","SP","F","-","19"
"Suter Gabriela","AG","SP","F","bisherig","19"
"Wermuth Cédric","AG","SP","M","bisherig","19"
"Riner Christoph","AG","SVP","M","-","19"
"Bircher Martina","AG","SVP","F","bisherig","19"
"Burgherr Thomas","AG","SVP","M","bisherig","19"
"Giezendanner Benjamin","AG","SVP","M","bisherig","19"
"Glarner Andreas","AG","SVP","M","bisherig","19"
"Heimgartner Stefanie","AG","SVP","F","bisherig","19"
"Huber Alois","AG","SVP","M","bisherig","19"
"Flach Beat","AG","GLP","M","bisherig","19"
"Kälin Irène","AG","GRÜNE","F","bisherig","19"
"Vietze Kristiane (Kris)","TG","FDP","F","-","20"
"Lohr Christian","TG","Mitte","M","bisherig","20"
"Schläfli Nina","TG","SP","F","-","20"
"Schmid Pascal","TG","SVP","M","-","20"
"Gutjahr Diana","TG","SVP","F","bisherig","20"
"Strupler Manuel","TG","SVP","M","bisherig","20"
"Gianini Simone","TI","FDP","M","-","21"
"Farinelli Alex","TI","FDP","M","bisherig","21"
"Regazzi Fabio","TI","Mitte","M","bisherig","21"
"Storni Bruno","TI","SP","M","bisherig","21"
"Pamini Paolo","TI","SVP","M","-","21"
"Marchesi Piero","TI","SVP","M","bisherig","21"
"Gysin Greta","TI","GRÜNE","F","bisherig","21"
"Quadri Lorenzo","TI","Lega","M","bisherig","21"
"Broulis Pascal","VD","FDP","M","-","22"
"de Quattro Jacqueline","VD","FDP","F","bisherig","22"
"Feller Olivier","VD","FDP","M","bisherig","22"
"Wehrli Laurent","VD","FDP","M","bisherig","22"
"Chappuis Isabelle","VD","Mitte","F","-","22"
"Jaccoud Jessica","VD","SP","F","-","22"
"Tschopp Jean","VD","SP","M","-","22"
"Bendahan Samuel","VD","SP","M","bisherig","22"
"Crottaz Brigitte","VD","SP","F","bisherig","22"
"Maillard Pierre-Yves","VD","SP","M","bisherig","22"
"Nordmann Roger","VD","SP","M","bisherig","22"
"Freymond Sylvain","VD","SVP","M","-","22"
"Pahud Yvan","VD","SVP","M","-","22"
"Buffat Michaël","VD","SVP","M","bisherig","22"
"Nicolet Jacques","VD","SVP","M","bisherig","22"
"Weber Céline","VD","GLP","F","bisherig","22"
"Mahaim Raphaël","VD","GRÜNE","M","bisherig","22"
"Michaud Gigon Sophie","VD","GRÜNE","F","bisherig","22"
"Porchet Léonore","VD","GRÜNE","F","bisherig","22"
"Nantermod Philippe","VS","FDP","M","bisherig","23"
"Bregy Philipp Matthias","VS","Mitte","M","bisherig","23"
"Kamerzin Sidney","VS","Mitte","M","bisherig","23"
"Roduit Benjamin","VS","Mitte","M","bisherig","23"
"Amoos Emmanuel","VS","SP","M","bisherig","23"
"Addor Jean-Luc","VS","SVP","M","bisherig","23"
"Graber Michael","VS","SVP","M","bisherig","23"
"Clivaz Christophe","VS","GRÜNE","M","bisherig","23"
"Cottier Damien","NE","FDP","M","bisherig","24"
"Hurni Baptiste","NE","SP","M","bisherig","24"
"Calame Didier","NE","SVP","M","-","24"
"Fivaz Fabien","NE","GRÜNE","M","bisherig","24"
"Aellen Cyril","GE","FDP","M","-","25"
"De Montmollin Simone","GE","FDP","F","bisherig","25"
"Maitre Vincent","GE","Mitte","M","bisherig","25"
"Revaz Estelle","GE","SP","F","-","25"
"Dandrès Christian","GE","SP","M","bisherig","25"
"Fehlmann Rielle Laurence","GE","SP","F","bisherig","25"
"Poncet Charles","GE","SVP","M","-","25"
"Amaudruz Céline","GE","SVP","F","bisherig","25"
"Klopfenstein Broggini Delphine","GE","GRÜNE","F","bisherig","25"
"Walder Nicolas","GE","GRÜNE","M","bisherig","25"
"Golay Roger","GE","MCR","M","-","25"
"Poggia Mauro","GE","MCR","M","-","25"
"Fridez Pierre-Alain","JU","SP","M","bisherig","26"
"Stettler Thomas","JU","SVP","M","-","26"